{
  "version": "7",
  "dialect": "mysql",
  "entries": [
    {
      "idx": 0,
      "version": "5",
      "when": 1764186486765,
      "tag": "0000_graceful_grim_reaper",
      "breakpoints": true
    },
    {
      "idx": 1,
      "version": "5",
      "when": 1764186570815,
      "tag": "0001_lazy_warbird",
      "breakpoints": true
    },
    {
      "idx": 2,
      "version": "5",
      "when": 1764189015668,
      "tag": "0002_lyrical_black_widow",
      "breakpoints": true
    },
    {
      "idx": 3,
      "version": "5",
      "when": 1764265930170,
      "tag": "0003_salty_kree",
      "breakpoints": true
    },
    {
      "idx": 4,
      "version": "5",
      "when": 1764266698020,
      "tag": "0004_lively_mach_iv",
      "breakpoints": true
    },
    {
      "idx": 5,
      "version": "5",
      "when": 1764353899652,
      "tag": "0005_steady_franklin_storm",
      "breakpoints": true
    },
    {
      "idx": 6,
      "version": "5",
      "when": 1764356260598,
      "tag": "0006_sour_iron_monger",
      "breakpoints": true
    }
  ]
}